section,title,tag_type,description,phone1_label,phone1_number,phone2_label,phone2_number,link1_label,link1_url,link2_label,link2_url,link3_label,link3_url,tags
crisis,Veterans Crisis Line,urgent,"Free confidential support for veterans in crisis and those who care about them — available 24 hours a day, 7 days a week.",Call & press 1,988,Text,838255,Online Chat,https://www.veteranscrisisline.net/get-help-now/chat/,Visit Website,https://www.veteranscrisisline.net/,,crisis hotline suicide 988
crisis,Emergency Services — 911,urgent,"For life-threatening emergencies call 911 or go to the nearest emergency room. The Suicide & Crisis Lifeline (988) is also available.",Call Emergency,911,Suicide & Crisis Lifeline,988,SAMHSA Helpline,https://www.samhsa.gov/find-help/national-helpline,,,crisis emergency 911
crisis,RAINN — Sexual Assault Hotline,urgent,"RAINN (Rape Abuse & Incest National Network) connects survivors of sexual violence with local resources and confidential support 24/7.",Call,1-800-656-4673,Text START to,741741,Online Chat,https://hotline.rainn.org/online,Find Local Support,https://www.rainn.org/get-help,crisis sexual assault MST rape trauma
crisis,Crisis Text Line,urgent,"Free 24/7 crisis support via text message. Trained crisis counselors respond in minutes. Confidential and available anywhere in the US.",Text HOME to,741741,,,"About Crisis Text Line",https://www.crisistextline.org/,,,crisis text mental health 741741
crisis,Safe Helpline — Military Sexual Trauma,urgent,"DoD's confidential crisis support for military community members affected by sexual assault. Free, available 24/7.",Call,1-877-995-5247,,,"Online Chat & Resources",https://www.safehelpline.org/,,,MST sexual trauma military crisis DoD
crisis,National Domestic Violence Hotline,urgent,"24/7 support for veterans and military families experiencing intimate partner violence. Confidential advocates available by phone and chat.",Call,1-800-799-7233,Text START to,88788,Online Chat,https://www.thehotline.org/get-help/,Visit Website,https://www.thehotline.org/,domestic violence DV family safety crisis
crisis,SAMHSA National Helpline,urgent,"Free confidential treatment referral and information for substance use and mental health disorders — 24/7, 365 days a year.",Call,1-800-662-4357,,,"Find Treatment Near You",https://findtreatment.gov/,"SAMHSA Website",https://www.samhsa.gov/find-help/national-helpline,,substance abuse addiction mental health crisis
crisis,National Call Center for Homeless Veterans,urgent,"24/7 support and referrals for homeless veterans or those at risk of losing their housing. Connects you to your local VA.",Call,1-877-424-2365,,,"VA Homeless Programs",https://www.va.gov/homeless/,"Find a VA Location",https://www.va.gov/find-locations/,,homeless housing crisis veteran emergency
crisis,VA Vet Centers — Crisis Support,urgent,"VA Vet Centers provide readjustment counseling and crisis support for combat veterans and MST survivors — walk-ins welcome at 300+ locations.",Call,1-877-927-8387,,,"Find a Vet Center Near You",https://www.vetcenter.va.gov/,"What Vet Centers Offer",https://www.va.gov/find-locations/?facilityType=vet_center,,Vet Center readjustment crisis walk-in counseling
crisis,The Trevor Project — LGBTQ+ Veterans,urgent,"Crisis intervention and suicide prevention for LGBTQ+ people. Many veterans identify as LGBTQ+ and face unique challenges — confidential 24/7.",Call,1-866-488-7386,Text START to,678-678,Online Chat,https://www.thetrevorproject.org/get-help/,"Learn More",https://www.thetrevorproject.org/,LGBTQ+ gay lesbian bisexual transgender crisis
crisis,StrongHearts Native Helpline,urgent,"Culturally appropriate support for Native American, Alaska Native, and Indigenous veterans experiencing domestic or sexual violence.",Call,1-844-762-8483,,,"Online Chat",https://www.strongheartshelpline.org/,"About StrongHearts",https://www.strongheartshelpline.org/,Native American Alaska Native Indigenous domestic violence crisis
crisis,Military OneSource — Crisis Support,urgent,"Confidential non-medical counseling and crisis referral for active duty, Guard, Reserve, veterans within 365 days of separation, and families.",Call,1-800-342-9647,,,"Non-Medical Counseling",https://www.militaryonesource.mil/health-wellness/non-medical-counseling/,"Visit Military OneSource",https://www.militaryonesource.mil/,crisis counseling active duty Guard Reserve transition
mental-health,VA Mental Health Services,federal,"The VA provides a full range of free mental health services for eligible veterans: PTSD, depression, anxiety, substance use, and more.",,,,,Learn About Services,https://www.mentalhealth.va.gov/,Find a VA Clinic,https://www.va.gov/find-locations/,Enroll in VA Care,https://www.va.gov/health-care/apply/,PTSD depression anxiety mental health VA
mental-health,National Center for PTSD,federal,"Research, education, and treatment tools for PTSD — including the free PTSD Coach app and first-person veteran stories at AboutFace.",,,,,PTSD Resources,https://www.ptsd.va.gov/,Download PTSD Coach App,https://www.ptsd.va.gov/appvid/mobile/ptsdcoach_app.asp,AboutFace — Veteran Stories,https://www.ptsd.va.gov/apps/aboutface/,PTSD trauma treatment app veteran
mental-health,VA Telehealth & Mental Health Apps,federal,"Access mental health care remotely via VA Video Connect. Free apps: Mindfulness Coach, Insomnia Coach, Breathe2Relax, PTSD Coach, and more.",,,,,VA Telehealth Info,https://telehealth.va.gov/,Browse the VA App Store,https://mobile.va.gov/appstore,,,telehealth remote therapy app online mobile
mental-health,Give an Hour,nonprofit,"Network of licensed mental health professionals who provide completely free counseling to veterans, service members, and their families.",,,,,Find a Free Counselor,https://giveanhour.org/get-help/,How Give an Hour Works,https://giveanhour.org/,,,free counseling therapy mental health nonprofit
mental-health,Defense & Veterans Brain Injury Center,federal,"Resources and care coordination for veterans with traumatic brain injury (TBI), including referrals to VA Polytrauma Rehabilitation Centers.",,,,,TBI Information & Resources,https://dvbic.dcoe.mil/,Find a VA Polytrauma Center,https://www.va.gov/HEALTHBENEFITS/access/polytrauma_system_of_care.asp,,,TBI traumatic brain injury polytrauma
mental-health,VA Military Sexual Trauma (MST) Support,federal,"Every VA medical center has a free MST coordinator. Free mental health treatment for veterans who experienced MST — no VA enrollment required.",,,,,MST Information,https://www.mentalhealth.va.gov/msthome/,Find an MST Coordinator,https://www.va.gov/find-locations/,,,MST sexual trauma women veterans VA
mental-health,Headstrong Project,nonprofit,"Free stigma-free mental health treatment for post-9/11 veterans and their families through a network of 500+ licensed therapists nationwide.",,,,,Apply for Free Treatment,https://getheadstrong.org/veterans/,How Headstrong Works,https://getheadstrong.org/,,,mental health therapy free post-9/11 nonprofit
mental-health,Team Red White & Blue,nonprofit,"Connects veterans to community through physical and social activities — running, cycling, yoga, and local chapter events nationwide.",,,,,Find Your Local Chapter,https://www.teamrwb.org/find-your-chapter/,Join Team RWB,https://www.teamrwb.org/,,,community fitness wellness recreation veteran
mental-health,Cohen Veterans Network,nonprofit,"Network of 25+ nonprofit mental health clinics across the U.S. providing high-quality, accessible care to post-9/11 veterans and their families.",,,,,Find a Cohen Clinic Near You,https://www.cohenveteransnetwork.org/clinics/,About Cohen Veterans Network,https://www.cohenveteransnetwork.org/,,,mental health clinic post-9/11 therapy counseling
mental-health,Boulder Crest Foundation — PATHH Program,nonprofit,"Posttraumatic Growth program for combat veterans and first responders. Free residential and community-based wellness retreats at no cost.",,,,,Apply for PATHH Program,https://bouldercrest.org/programs/pathh/,Learn About Boulder Crest,https://bouldercrest.org/,,,PTSD posttraumatic growth wellness retreat program
mental-health,Stop Soldier Suicide,nonprofit,"Personalized case management and connection to resources for veterans at risk of suicide. Free, confidential, trauma-informed support.",,,,,Get Help Now,https://stopsoldiersuicide.org/get-help,About the Mission,https://stopsoldiersuicide.org/,,,suicide prevention crisis mental health veteran
mental-health,Veterans Yoga Project,nonprofit,"Free and donation-based mindfulness and yoga programs specifically designed to support veterans in recovering from stress, trauma, and PTSD.",,,,,Find a Free Class,https://www.veteransyogaproject.org/find-a-class/,Mindful Resilience Program,https://www.veteransyogaproject.org/mindful-resilience/,,,yoga mindfulness PTSD stress wellness veteran
mental-health,22KILL — Mental Health Advocacy,nonprofit,"Raises awareness about veteran suicide and promotes mental health help-seeking. Peer-to-peer support network with online community resources.",,,,,Get Peer Support,https://www.22kill.com/get-help/,Join the Community,https://www.22kill.com/,,,suicide prevention awareness community peer support
mental-health,Vets4Warriors — Peer Support,nonprofit,"Free 24/7 peer support for veterans, service members, and their families from fellow veterans. Confidential, compassionate, and knowledgeable.",Call,1-855-838-8255,,,"Learn About Vets4Warriors",https://www.vets4warriors.com/,,,peer support confidential 24/7 community veteran
mental-health,VA Whole Health Program,federal,"VA's holistic approach to care — focuses on what matters most to veterans: physical, mental, and spiritual well-being beyond traditional sick care.",,,,,What Is Whole Health?,https://www.va.gov/wholehealth/,Whole Health Benefits,https://www.va.gov/wholehealth/Veteran/benefits.asp,,,whole health holistic wellness integrative VA
mental-health,Centerstone Military Services,nonprofit,"Behavioral health treatment for veterans, service members, and their families through community-based clinics in multiple states.",,,,,Find Treatment Near You,https://centerstone.org/our-services/military-behavioral-health/,About Centerstone,https://centerstone.org/,,,mental health therapy counseling behavioral health military
mental-health,Mission Continues — Community,nonprofit,"Connects veterans to volunteer service opportunities that leverage their skills. Community and purpose-driven activities support mental wellness.",,,,,Find a Fellowship or Platoon,https://missioncontinues.org/programs/,About Mission Continues,https://missioncontinues.org/,,,community volunteer purpose mental wellness veteran
mental-health,Psych Hub Veterans Resources,nonprofit,"Free mental health education videos and guides specifically created for veterans, covering PTSD, depression, anxiety, and seeking help.",,,,,Veterans Mental Health Library,https://psychhub.com/topics/veteran-military-mental-health/,,,,,mental health education video PTSD depression awareness
va-benefits,VA Disability Compensation,federal,"Monthly tax-free payments for veterans with service-connected disabilities. File online, by mail, or in person with free VSO assistance.",,,,,How to File a Claim,https://www.va.gov/disability/how-to-file-claim/,Check Your Eligibility,https://www.va.gov/disability/eligibility/,Appeal or Review a Decision,https://www.va.gov/decision-reviews/,disability compensation service-connected rating
va-benefits,Free VSO Claim Assistance,nonprofit,"Accredited VSOs (DAV, VFW, American Legion, AMVETS) provide completely free help filing and appealing VA claims — at no charge to you.",,,,,Find an Accredited VSO,https://www.va.gov/get-help-from-accredited-representative/,DAV Claim Assistance,https://www.dav.org/veterans/va-claim-assistance/,VFW Benefits Assistance,https://www.vfw.org/assistance/va-claims-separation-benefits,VSO claims help free representative appeal
va-benefits,VA Pension & Survivor Benefits,federal,"Need-based pension for wartime veterans with limited income, plus Dependency and Indemnity Compensation (DIC) for surviving family members.",,,,,VA Pension Overview,https://www.va.gov/pension/,How to Apply for Pension,https://www.va.gov/pension/how-to-apply/,Survivors & DIC Benefits,https://www.va.gov/burials-memorials/dependency-indemnity-compensation/,pension survivor DIC wartime income
va-benefits,VA Life Insurance (SGLI & VGLI),federal,"Servicemembers' Group Life Insurance (SGLI) and Veterans' Group Life Insurance (VGLI). Must convert within 1 year 120 days of separation.",,,,,Life Insurance Options,https://www.va.gov/life-insurance/,Apply for VGLI,https://www.va.gov/life-insurance/options-eligibility/vgli/,TSGLI Traumatic Injury,https://www.va.gov/life-insurance/options-eligibility/tsgli/,life insurance SGLI VGLI TSGLI separation
va-benefits,Military Service Records & DD-214,federal,"Request your DD-214, medical records, and official military personnel records. Note 'Expedite — VA claim' for urgent requests.",,,,,Request via eVetRecs (NARA),https://www.archives.gov/veterans/military-service-records,Request via VA.gov,https://www.va.gov/records/get-military-service-records/,,,DD-214 records discharge separation military
va-benefits,Burial & Memorial Benefits,federal,"Eligible veterans may receive burial in a national cemetery, grave markers, burial allowances, and Presidential Memorial Certificates.",,,,,Burial Benefits Overview,https://www.va.gov/burials-memorials/,Find a National Cemetery,https://www.cem.va.gov/,Presidential Memorial Certificates,https://www.va.gov/burials-memorials/memorial-items/presidential-memorial-certificates/,burial cemetery memorial honors
va-benefits,PACT Act — Burn Pit & Toxic Exposure,federal,"The PACT Act expands VA benefits eligibility for veterans exposed to burn pits, Agent Orange, and other toxic substances. File now.",,,,,What the PACT Act Covers,https://www.va.gov/resources/the-pact-act-and-your-va-benefits/,File a PACT Act Claim,https://www.va.gov/disability/how-to-file-claim/,Check Your Eligibility,https://www.va.gov/pact-act/,burn pit toxic exposure PACT Act Camp Lejeune Agent Orange
va-benefits,Aid & Attendance / Housebound,federal,"Enhanced pension benefit for veterans who need help with daily activities or are largely confined to home. Can add $1,000+ per month.",,,,,Aid & Attendance Overview,https://www.va.gov/pension/aid-attendance-housebound/,How to Apply,https://www.va.gov/pension/how-to-apply/,,,Aid Attendance housebound pension elderly disability caregiver
va-benefits,Individual Unemployability (TDIU),federal,"If a service-connected disability prevents you from holding substantially gainful employment, you may receive compensation at the 100% rate.",,,,,TDIU Overview,https://www.va.gov/disability/compensation-rates/veteran-rates/,How to File for IU,https://www.va.gov/disability/how-to-file-claim/,,,unemployability TDIU IU 100% compensation work disability
va-benefits,Agent Orange & Toxic Exposure Registry,federal,"Free VA health exam for veterans exposed to Agent Orange, burn pits, radiation, contaminated water (Camp Lejeune), and other hazards.",,,,,Agent Orange Registry,https://www.va.gov/disability/eligibility/hazardous-materials-exposure/agent-orange/,Camp Lejeune Water,https://www.va.gov/disability/eligibility/hazardous-materials-exposure/camp-lejeune-water-contamination/,Toxic Exposures Overview,https://www.va.gov/disability/eligibility/hazardous-materials-exposure/,Agent Orange Camp Lejeune toxic exposure registry exam
va-benefits,CHAMPVA — Family Health Coverage,federal,"Comprehensive health coverage for spouses and children of veterans who are permanently and totally disabled or died in the line of duty.",,,,,CHAMPVA Overview,https://www.va.gov/health-care/family-caregiver-benefits/champva/,CHAMPVA Application,https://www.va.gov/health-care/family-caregiver-benefits/champva/#how-do-i-apply,,,CHAMPVA family health insurance spouse children dependent
va-benefits,VA Clothing Allowance,federal,"Annual clothing allowance for veterans whose service-connected disability or prosthetic equipment damages or tears their clothing.",,,,,Clothing Allowance Info,https://www.va.gov/disability/eligibility/special-claims/clothing-allowance/,How to Apply,https://www.va.gov/disability/eligibility/special-claims/clothing-allowance/#how-do-i-apply,,,clothing allowance prosthetics disability special claims
va-benefits,Adaptive Equipment & Vehicle Grants,federal,"Up to $22,295 for adaptive equipment on a vehicle, and up to $12,000 toward the purchase of a vehicle, for eligible disabled veterans.",,,,,Adaptive Equipment Grant,https://www.va.gov/disability/eligibility/special-claims/automobile-allowance-adaptive-equipment/,,,,,vehicle grant adaptive equipment disability mobility
healthcare,VA Health Care Enrollment,federal,"Most veterans qualify for free or low-cost VA health care. Enroll online in minutes. Priority groups determine copay amounts.",,,,,Apply Online Now,https://www.va.gov/health-care/apply/application/introduction,Check Your Eligibility,https://www.va.gov/health-care/eligibility/,Find a VA Medical Center,https://www.va.gov/find-locations/,healthcare enrollment primary care VA
healthcare,VA Community Care Network,federal,"When VA can't provide timely care, eligible veterans can receive care from approved community providers paid by VA (MISSION Act).",,,,,Community Care Overview,https://www.va.gov/communitycare/,Find Approved Community Providers,https://www.va.gov/find-locations/?facilityType=cc_provider,,,community care non-VA providers MISSION Act
healthcare,Women Veterans Health Care,federal,"Comprehensive care for women veterans including primary care, reproductive health, maternity care, and gender-specific services at every VA.",,,,,Women's Health Hub,https://www.womenshealth.va.gov/,Find a Women's Health VA,https://www.va.gov/find-locations/,,,women veterans healthcare reproductive maternity
healthcare,VA Dental & Vision Care,federal,"Dental eligibility is limited — 100% service-connected veterans qualify for full dental. Vision care and hearing aids are also available.",,,,,Dental Care Eligibility,https://www.va.gov/health-care/about-va-health-benefits/dental-care/,Vision Care Info,https://www.va.gov/health-care/about-va-health-benefits/vision-care/,,,dental vision hearing aids eligibility
healthcare,VA Pharmacy & MyHealtheVet,federal,"Refill prescriptions by mail, view health records, and message your VA care team online through the MyHealtheVet patient portal.",,,,,Log In to MyHealtheVet,https://www.myhealth.va.gov/,Prescription Refills,https://www.myhealth.va.gov/mhv-portal-web/pharmacy,,,pharmacy prescriptions medication refills portal
healthcare,Family Caregiver Program (PCAFC),federal,"Financial stipend, health insurance, respite care, and other services for family caregivers of eligible post-9/11 veterans.",,,,,PCAFC Program Overview,https://www.va.gov/family-member-benefits/comprehensive-assistance-for-family-caregivers/,How to Apply for PCAFC,https://www.va.gov/family-member-benefits/comprehensive-assistance-for-family-caregivers/#how-to-apply,,,caregiver family support stipend healthcare
healthcare,VA Vet Centers — Readjustment Counseling,federal,"Community-based counseling for combat veterans and MST survivors. Walk-in friendly, no VA enrollment needed. 300+ locations nationwide.",,,,,Find a Vet Center,https://www.vetcenter.va.gov/,What Vet Centers Offer,https://www.va.gov/find-locations/?facilityType=vet_center,,,Vet Center readjustment counseling community walk-in MST
healthcare,TRICARE — Active Duty & Retiree Coverage,federal,"TRICARE provides health coverage for active duty service members, military retirees, and their families worldwide through military treatment facilities and civilian providers.",,,,,TRICARE Plans & Eligibility,https://www.tricare.mil/Plans,Find a TRICARE Provider,https://www.tricare.mil/FindDoctor,TRICARE for Life (retirees),https://www.tricare.mil/Plans/SupplementalPlans/TFL,TRICARE active duty retiree health coverage
healthcare,VA Prosthetics & Sensory Aids,federal,"VA provides prosthetic limbs, orthopedic braces, hearing aids, vision aids, wheelchairs, and other devices for eligible veterans at no cost.",,,,,Prosthetics Service Info,https://www.va.gov/health-care/about-va-health-benefits/prosthetic-care/,Apply for Prosthetic Devices,https://www.va.gov/health-care/apply/,,,prosthetics hearing aid wheelchair brace limb amputation
healthcare,MOVE! — VA Weight Management,federal,"VA's free weight management program includes in-person groups, telehealth, apps, and online tools designed specifically for veterans.",,,,,MOVE! Program Overview,https://move.va.gov/,,,,,weight loss obesity health wellness fitness VA
healthcare,VA Blind & Low Vision Rehabilitation,federal,"Comprehensive rehabilitation services for veterans with visual impairments, including orientation, mobility training, and adaptive technology.",,,,,Visual Impairment Services,https://www.va.gov/health-care/about-va-health-benefits/blind-low-vision-rehab/,Find a Blind Rehab Center,https://www.va.gov/find-locations/?facilityType=health,,,blind low vision rehabilitation visual impairment
healthcare,Fisher House Foundation — Family Lodging,nonprofit,"Fisher Houses provide free or low-cost lodging at VA and military medical centers for families of veterans receiving treatment far from home.",,,,,Find a Fisher House Near You,https://www.fisherhouse.org/programs/fisher-houses/find-a-fisher-house/,Apply for a Stay,https://www.fisherhouse.org/programs/fisher-houses/,,,lodging lodging family travel medical treatment VA
healthcare,Mobile Vet Centers,federal,"VA Mobile Vet Centers bring mental health and readjustment services directly to rural and underserved communities nationwide.",,,,,Find a Mobile Vet Center,https://www.va.gov/find-locations/?facilityType=mobileVetCenter,,,,,rural mobile mental health outreach veteran
housing,VA Home Loan Guarantee,federal,"No down payment required, no PMI, competitive interest rates. Available for home purchase, IRRRL refinance, and cash-out refinance.",,,,,Learn About VA Loans,https://www.va.gov/housing-assistance/home-loans/,Get Your Certificate of Eligibility,https://www.va.gov/housing-assistance/home-loans/how-to-request-coe/,Loan Limits by County,https://www.benefits.va.gov/homeloans/purchaseco_loan_limits.asp,home loan mortgage purchase refinance no down payment
housing,HUD-VASH Housing Vouchers,federal,"Housing Choice Vouchers plus VA case management for the most vulnerable homeless veterans. Contact your local VA to get enrolled.",,,,,HUD-VASH Overview,https://www.va.gov/homeless/hud-vash.asp,Find Your Local VA,https://www.va.gov/find-locations/?facilityType=health,HUD Official Info,https://www.hud.gov/program_offices/public_indian_housing/programs/hcv/vash,homeless voucher housing subsidy section-8
housing,SSVF — Rapid Rehousing & Prevention,federal,"VA-funded grants for rapid rehousing and homelessness prevention administered through community nonprofits in all 50 states.",,,,,SSVF Program Overview,https://www.va.gov/homeless/ssvf/,Find an SSVF Provider Near You,https://www.ssvf.va.gov/FindProviderMap/,,,homeless prevention rapid rehousing SSVF grant
housing,Specially Adapted Housing (SAH) Grants,federal,"Grants up to $117,014 (FY2025) to help veterans with severe service-connected disabilities build or modify a home for accessibility.",,,,,SAH Grant Overview,https://www.va.gov/housing-assistance/disability-housing-grants/,How to Apply for SAH,https://www.va.gov/housing-assistance/disability-housing-grants/how-to-apply/,,,adapted housing disability wheelchair accessibility grant
housing,National Coalition for Homeless Veterans,nonprofit,"Directory of community-based providers offering emergency shelter, transitional housing, and permanent supportive housing for veterans.",,,,,Find Local Help & Shelter,https://nchv.org/find-help/,NCHV Home,https://nchv.org/,,,homeless shelter transitional housing emergency nonprofit
housing,Habitat for Humanity Veterans Build,nonprofit,"Home repair and rebuilding programs for veterans and military families through local Habitat affiliates and volunteer projects nationwide.",,,,,Find a Veterans Build Program,https://www.habitat.org/volunteer/near-you/veterans-build,Habitat for Humanity Home,https://www.habitat.org/,,,housing repair rebuild Habitat volunteer nonprofit
housing,Homes for Our Troops,nonprofit,"Builds and donates specially adapted custom homes for severely injured post-9/11 veterans, at no cost to the veteran.",,,,,Apply for a Home,https://www.hfotusa.org/apply/,Learn About the Program,https://www.hfotusa.org/,,,adapted home build donate seriously injured post-9/11 free
housing,Operation Homefront,nonprofit,"Provides critical financial assistance, transitional and permanent housing, and family support programs for military families in need.",,,,,Get Housing Help,https://www.operationhomefront.org/find-help/,About Operation Homefront,https://www.operationhomefront.org/,,,housing financial assistance family military transition
housing,Gary Sinise Foundation — Smart Homes,nonprofit,"Builds custom smart homes for the most severely wounded veterans — specially adapted for individual needs at no cost to the veteran.",,,,,R.I.S.E. Program,https://www.garysinisefoundation.org/programs/rise/,Learn More,https://www.garysinisefoundation.org/,,,smart home custom build severely wounded amputee
housing,Purple Heart Homes,nonprofit,"Provides safety modifications, accessibility improvements, and housing solutions for service-connected disabled veterans.",,,,,Apply for a Project,https://www.purplehearthomesusa.org/apply/,About Purple Heart Homes,https://www.purplehearthomesusa.org/,,,home modification accessibility safety disabled veteran
housing,U.S. Vets,nonprofit,"One of the largest providers of comprehensive services to homeless and at-risk veterans — transitional housing, employment, and mental health.",,,,,Find a Location,https://www.usvetsinc.org/locations/,About U.S. Vets,https://www.usvetsinc.org/,,,transitional housing homeless veteran comprehensive services
housing,Volunteers of America Veterans Housing,nonprofit,"Emergency shelter, transitional housing, and long-term supportive housing for homeless veterans at Volunteers of America programs nationwide.",,,,,Find Veteran Services Near You,https://www.voa.org/veterans,About VOA,https://www.voa.org/,,,homeless shelter transitional supportive housing veteran nonprofit
employment,American Job Centers (CareerOneStop),federal,"Federally funded workforce centers with priority service for veterans — free resume help, job search tools, training, and career counseling.",,,,,Find Your Nearest Job Center,https://www.careeronestop.org/LocalHelp/AmericanJobCenters/find-american-job-centers.aspx,Veterans Employment Resources,https://www.careeronestop.org/Veterans/default.aspx,,,job search career resume training workforce center
employment,DOL VETS & Transition Assistance (TAP),federal,"Department of Labor prepares separating service members for civilian employment through the Transition Assistance Program (TAP).",,,,,TAP Program Info,https://www.dol.gov/agencies/vets/programs/tap,DOL VETS Home,https://www.dol.gov/agencies/vets,,,transition TAP employment separation military
employment,USAJOBS — Federal Hiring Preference,federal,"Veterans receive 5 or 10-point hiring preference for federal government jobs. Use the Veterans' Preference Advisor to find your level.",,,,,Search Federal Jobs,https://www.usajobs.gov/Veterans/,Veterans' Preference Advisor,https://webapps.dol.gov/elaws/vetspref.htm,,,federal jobs USAJOBS hiring preference government
employment,VA Vocational Rehabilitation (VR&E),federal,"Chapter 31 — job training, education, employment accommodations, and independent living support for veterans with service-connected disabilities.",,,,,VR&E Program Overview,https://www.va.gov/careers-employment/vocational-rehabilitation/,Apply for VR&E Benefits,https://www.va.gov/careers-employment/vocational-rehabilitation/how-to-apply/,,,vocational rehabilitation training employment disability Chapter 31
employment,SBA Boots to Business,federal,"Free entrepreneurship training and business planning courses for transitioning service members, veterans, and military spouses nationwide.",,,,,Register for a Course,https://sbavets.force.com/s/,Find a Small Business Development Center,https://americassbdc.org/find-your-sbdc/,,,small business entrepreneurship startup SBA veteran
employment,Hire Heroes USA,nonprofit,"Free personalized job search assistance — resume writing, interview coaching, LinkedIn optimization, and direct employer referrals.",,,,,Get Started — Veterans,https://www.hireheroesusa.org/veterans/,Get Started — Spouses,https://www.hireheroesusa.org/military-spouses/,,,job search resume interview hiring spouses nonprofit
employment,American Corporate Partners (ACP),nonprofit,"Year-long career mentoring program pairing veterans with business professionals from top U.S. companies for guidance and networking.",,,,,Apply as a Mentee,https://www.acp-usa.org/mentee-application,About ACP,https://www.acp-usa.org/,,,mentoring career guidance corporate business networking
employment,VetsinTech,nonprofit,"Free technical training, certifications, hackathons, and job placement in the technology sector for veterans and their spouses.",,,,,Apply to Programs,https://vetsintech.co/apply/,Upcoming Events & Programs,https://vetsintech.co/,,,technology tech bootcamp certification careers STEM
employment,RecruitMilitary — Job Board,nonprofit,"Connects veterans with veteran-friendly employers through job fairs, an online job board, and a veteran talent network.",,,,,Search Veteran Jobs,https://recruitmilitary.com/veterans,Find a Veteran Job Fair,https://recruitmilitary.com/events,,,job board hiring veteran employer career fair
employment,LinkedIn for Veterans — Free Premium,nonprofit,"LinkedIn gives veterans and military spouses one free year of LinkedIn Premium, plus LinkedIn Learning to build in-demand skills.",,,,,Apply for Free Premium,https://socialimpact.linkedin.com/programs/veterans,Browse LinkedIn Learning,https://www.linkedin.com/learning/,,,LinkedIn networking professional career premium learning
employment,Microsoft Software & Systems Academy,nonprofit,"Free 16-week technology training program for transitioning active duty service members, preparing them for in-demand Microsoft roles.",,,,,Apply for MSSA,https://military.microsoft.com/programs/microsoft-software-systems-academy/,About the Program,https://military.microsoft.com/,,,Microsoft technology training software systems career transition
employment,SCORE — Veterans Mentoring,nonprofit,"SCORE connects veteran entrepreneurs with experienced business mentors for free one-on-one business advice, workshops, and resources.",,,,,Find a SCORE Mentor,https://www.score.org/content/find-mentor,Veterans Business Resources,https://www.score.org/resource/veterans,,,small business mentoring entrepreneurship free SCORE veteran
employment,Veterans Business Outreach Centers (VBOC),federal,"SBA-funded centers providing free business training, counseling, and market research assistance to veteran entrepreneurs and military spouses.",,,,,Find a VBOC Near You,https://www.sba.gov/offices/headquarters/ovbd/resources/164603,About VBOCs,https://www.sba.gov/business-guide/grow-your-business/veteran-owned-businesses,,,small business counseling veteran entrepreneur startup SBA
employment,ReBootWorkshop — Women Veterans,nonprofit,"Intensive career transition programs for women veterans and military spouses — corporate skills training, networking, and job placement.",,,,,Apply for a Program,https://rebootworkshop.org/apply/,About ReBootWorkshop,https://rebootworkshop.org/,,,women veterans career transition corporate skills training
employment,Onward to Opportunity (O2O),nonprofit,"Free career training and job placement for transitioning service members, veterans, and military spouses through Syracuse University's IVMF.",,,,,Apply for O2O,https://ivmf.syracuse.edu/programs/career-training-employment/,Explore IVMF Programs,https://ivmf.syracuse.edu/,,,career training job placement transition military spouse
employment,ClearanceJobs — Security Clearance Careers,nonprofit,"Job board specifically for cleared professionals — thousands of jobs requiring active security clearances from defense and intel employers.",,,,,Search Cleared Jobs,https://www.clearancejobs.com/,Create a Free Profile,https://www.clearancejobs.com/create-account,,,security clearance defense intelligence government jobs
employment,Amazon Military Programs,nonprofit,"Amazon actively recruits veterans and military spouses across roles including technology, operations, and leadership. Free training programs available.",,,,,Amazon Military Jobs,https://www.amazon.jobs/en/landing_pages/mil,Military Resources,https://www.aboutamazon.com/news/workplace/amazon-military,,,Amazon hiring corporate technology operations career
education,Post-9/11 GI Bill (Chapter 33),federal,"Up to 36 months of education benefits — covers tuition and fees, monthly housing allowance at BAH rate, and up to $1,000/year for books.",,,,,GI Bill Details & Rates,https://www.va.gov/education/about-gi-bill-benefits/post-9-11/,Apply Online (Form 22-1990),https://www.va.gov/education/how-to-apply/,Compare Schools with GI Bill,https://www.va.gov/education/gi-bill-comparison-tool/,GI Bill education tuition housing allowance books
education,Montgomery GI Bill (Chapter 30 & 1606),federal,"Active duty (Ch. 30) and Selected Reserve (Ch. 1606) education benefits covering college, vocational training, and online programs.",,,,,Active Duty (Chapter 30),https://www.va.gov/education/about-gi-bill-benefits/montgomery-active-duty/,Selected Reserve (Chapter 1606),https://www.va.gov/education/about-gi-bill-benefits/montgomery-selected-reserve/,Apply Online,https://www.va.gov/education/how-to-apply/,MGIB Montgomery education reserve active duty
education,Fry Scholarship & DEA (Chapter 35),federal,"Education benefits for children and spouses of veterans who died in the line of duty or have a permanent total service-connected disability.",,,,,Fry Scholarship Details,https://www.va.gov/education/survivor-dependent-benefits/fry-scholarship/,Dependents' Education Assistance (Ch. 35),https://www.va.gov/education/survivor-dependent-benefits/dependents-education-assistance/,Apply Online,https://www.va.gov/education/how-to-apply/,Fry scholarship dependents survivors education spouse children
education,Military Tuition Assistance,federal,"Each branch offers up to $250/credit hour and $4,500/year for active duty service members pursuing college or vocational degrees.",,,,,Tuition Assistance Overview,https://www.militaryonesource.mil/education-employment/for-service-members/education/military-tuition-assistance/,Army IgnitED Portal,https://www.armyignited.army.mil/,,,tuition assistance active duty college credit hour
education,Pat Tillman Foundation Scholarships,nonprofit,"Highly competitive scholarships and leadership development programs for veterans and military spouses at undergraduate and graduate level.",,,,,Apply for a Scholarship,https://pattillmanfoundation.org/apply/,About the Foundation,https://pattillmanfoundation.org/,,,scholarship financial aid leadership graduate undergraduate
education,VA Licensing Exams & Apprenticeships,federal,"Use GI Bill benefits to pay for professional licensing exams, national certification tests, and on-the-job training or apprenticeship programs.",,,,,Licensing & Test Fees,https://www.va.gov/education/about-gi-bill-benefits/how-to-use-benefits/test-fees/,OJT & Apprenticeship Programs,https://www.va.gov/education/about-gi-bill-benefits/how-to-use-benefits/on-the-job-training-apprenticeships/,,,licensing exam certification apprenticeship OJT trade
education,Yellow Ribbon Program,federal,"Participating schools and VA jointly pay tuition costs exceeding the GI Bill cap — covering 100% of tuition at private and out-of-state schools.",,,,,Yellow Ribbon School Finder,https://www.va.gov/education/yellow-ribbon-participating-schools/,Yellow Ribbon Overview,https://www.va.gov/education/about-gi-bill-benefits/post-9-11/yellow-ribbon-program/,,,Yellow Ribbon private school out-of-state tuition
education,In-State Tuition for Veterans (Choice Act),federal,"Public colleges must charge in-state tuition to veterans using GI Bill benefits regardless of state residency, under the Veterans' Choice Act.",,,,,In-State Tuition Overview,https://www.va.gov/education/other-va-education-benefits/in-state-tuition-rates-for-veterans/,,,,,in-state tuition residency public college GI Bill
education,VA Work-Study Program,federal,"Veterans can earn an hourly stipend by performing VA-related services at VA facilities, schools, or other approved locations while attending school.",,,,,Work-Study Program Details,https://www.va.gov/education/about-gi-bill-benefits/how-to-use-benefits/work-study/,,,,,work study stipend school income VA
education,Student Veterans of America (SVA),nonprofit,"Chapters at 1,500+ campuses nationwide supporting student veterans. SVA advocates for veteran students in higher education and connects community.",,,,,Find a Campus Chapter,https://studentveterans.org/chapters/,SVA Resources & Programs,https://studentveterans.org/,,,student veteran college campus community SVA
education,Warrior-Scholar Project,nonprofit,"Free week-long academic boot camps at top universities to prepare veterans for the academic demands of college — no cost to attend.",,,,,Apply to a Boot Camp,https://www.warrior-scholar.org/programs,Learn About the Program,https://www.warrior-scholar.org/,,,academic boot camp college preparation university veteran
education,VFW Smart/Winning Scholarships,nonprofit,"VFW offers multiple competitive scholarship programs for veterans, service members, and their dependents at various education levels.",,,,,Apply for a VFW Scholarship,https://www.vfw.org/community/youth-and-education/scholarships,All VFW Programs,https://www.vfw.org/,,,scholarship VFW financial aid veteran dependent
education,American Legion Scholarships,nonprofit,"The American Legion offers numerous scholarship programs for veterans, service members, and their families through local posts nationwide.",,,,,Find a Scholarship,https://www.legion.org/scholarships,About the American Legion,https://www.legion.org/,,,scholarship American Legion financial aid veteran family
education,Navy-Marine Corps Relief Society Scholarships,nonprofit,"Scholarships and interest-free loans for active duty and retired Navy and Marine Corps service members and their dependents.",,,,,Apply for a Scholarship,https://www.nmcrs.org/pages/education-assistance,Education Assistance Overview,https://www.nmcrs.org/,,,scholarship Navy Marine Corps interest-free loan education
legal,Discharge Upgrade Assistance,nonprofit,"Veterans with less-than-honorable discharges may be eligible for an upgrade through the Discharge Review Board or BCMR — unlocking VA benefits.",,,,,VA Discharge Upgrade Instructions,https://www.va.gov/discharge-upgrade-instructions/,Discharge Upgrade Network,https://www.dischargeupgrade.org/,,,discharge upgrade character review board benefits access
legal,Free Civil Legal Aid,nonprofit,"Free civil legal help for income-eligible veterans — covers family law, housing, consumer debt, VA benefits appeals, and more.",,,,,Find Legal Aid Near You,https://www.lsc.gov/about-lsc/what-legal-aid/find-legal-aid,LawHelp.org — State Resources,https://www.lawhelp.org/,,,legal aid free attorney lawyer pro bono civil
legal,SCRA — Servicemembers Civil Relief Act,federal,"Protects active duty members: caps interest at 6%, provides eviction protection, allows lease termination, and more civil protections.",,,,,SCRA Overview (DOJ),https://www.justice.gov/servicemembers/servicemembers-civil-relief-act,Military Legal Assistance,https://www.militaryonesource.mil/legal/,,,SCRA interest rate lease eviction active duty civil relief
legal,USERRA — Employment & Reemployment Rights,federal,"Protects the right to reemployment after military service and prohibits employer discrimination based on service obligation.",,,,,USERRA Overview,https://www.dol.gov/agencies/vets/programs/userra,File a USERRA Complaint,https://www.dol.gov/agencies/vets/programs/userra/userra-complaint-process,,,USERRA employment reemployment discrimination reserve guard
legal,Board of Veterans' Appeals (BVA),federal,"Appeal a VA decision to the BVA, then to the U.S. Court of Appeals for Veterans Claims (CAVC). Free legal representation is available.",,,,,BVA — File an Appeal,https://www.bva.va.gov/,CAVC — Court of Appeals,https://www.uscourts.cavc.gov/,Find Free Legal Representation,https://www.cavc.gov/pro-bono,BVA appeal claim CAVC court hearing judge
legal,JAG Military Legal Assistance,federal,"Active duty, Guard, and Reserve members can access free legal advice from Judge Advocate General officers on installations worldwide.",,,,,Find a JAG Legal Office,https://legalassistance.law.af.mil/,Military OneSource Legal,https://www.militaryonesource.mil/legal/,,,JAG legal attorney active duty installation guard reserve
legal,National Veterans Legal Services Program,nonprofit,"NVLSP provides free legal representation in VA benefits appeals, trains attorneys representing veterans, and publishes veterans law resources.",,,,,Apply for Legal Help,https://www.nvlsp.org/get-help,About NVLSP,https://www.nvlsp.org/,,,legal representation VA benefits appeal free attorney nonprofit
legal,Swords to Plowshares,nonprofit,"Provides free legal help to veterans in California — specializing in discharge upgrades, VA benefits, housing, and reentry from incarceration.",,,,,Get Legal Help,https://www.swords-to-plowshares.org/get-help,About Swords to Plowshares,https://www.swords-to-plowshares.org/,,,legal California discharge VA benefits housing reentry
legal,Veterans Justice Initiative (Vera Institute),nonprofit,"Helps veterans involved in the justice system access VA services and treatment courts. Works to reduce incarceration of veterans with PTSD/TBI.",,,,,Veterans Justice Program,https://www.vera.org/projects/veterans-justice-initiative,Find a Veterans Treatment Court,https://justiceforvets.org/,,,incarceration criminal justice treatment court PTSD TBI
legal,Veterans Consortium Pro Bono Program,nonprofit,"Recruits and trains volunteer attorneys to provide free representation to veterans appealing VA benefit denials at the U.S. Court of Appeals.",,,,,Apply for Pro Bono Help,https://www.vetsprobono.org/,About the Consortium,https://www.vetsprobono.org/about/,,,pro bono free legal representation CAVC appeal attorney
legal,Noncitizen Veterans Legal Assistance,nonprofit,"Legal help for non-citizen veterans facing deportation or immigration issues. Noncitizen veterans have unique VA benefit eligibility rights.",,,,,Immigrant Justice Network,https://www.immigrantjustice.org/issues/military-and-veterans,American Immigration Council,https://www.americanimmigrationcouncil.org/,,,immigration deportation noncitizen veteran legal
legal,National Veterans Foundation — Legal Help,nonprofit,"Crisis intervention and legal referral for veterans — connects veterans in need to legal resources, housing, and benefits advocates.",Call,1-888-777-4443,,,"Get Help Now",https://nvf.org/veteran-support/,"Visit NVF",https://nvf.org/,,legal help crisis referral benefits housing attorney
state,Property Tax Exemptions,state,"Most states offer significant property tax exemptions or reductions for disabled veterans. Eligibility and amounts vary widely by state.",,,,,VA Summary — All 50 States,https://www.va.gov/resources/property-tax-exemptions-for-veterans/,Find Your State DVA,https://www.usa.gov/state-veteran-benefits,,,property tax exemption state disabled veteran homeowner
state,State Tuition Waivers & Scholarships,state,"Many states offer free or heavily discounted tuition at public colleges for veterans and their dependents. Requirements vary significantly.",,,,,State Education Benefits Guide,https://www.va.gov/education/other-va-education-benefits/state-sponsored-educational-benefit/,Find Your State DVA,https://www.usa.gov/state-veteran-benefits,,,tuition waiver state college education in-state free
state,Hunting & Fishing Licenses / Park Passes,state,"Discounted or free hunting and fishing licenses, state park admission, and vehicle registration fee waivers available in most states.",,,,,USA.gov State Benefits Guide,https://www.usa.gov/state-veteran-benefits,Find Your State DVA,https://www.usa.gov/state-veteran-benefits,,,hunting fishing license park pass state veteran recreation
state,State Veterans Homes,state,"State-operated long-term care, assisted living, and adult day health care facilities for veterans — typically at significantly reduced cost.",,,,,VA State Veterans Homes Guide,https://www.va.gov/geriatrics-extended-care/state-veterans-homes/,Find a State Veterans Home,https://www.nasvh.org/state-homes/statemap.php,,,nursing home long-term care assisted living elderly veteran
state,State Employment Preference,state,"Many states grant additional civil service hiring preference to veterans for state government jobs, beyond federal preference.",,,,,USA.gov State Veteran Benefits,https://www.usa.gov/state-veteran-benefits,Find Your State DVA,https://www.usa.gov/state-veteran-benefits,,,state jobs hiring preference civil service employment veteran
state,Veteran-Owned Business Certification,state,"Most states offer veteran-owned and service-disabled veteran-owned small business (SDVOSB) certifications for state contracting preference.",,,,,SBA Veteran Contracting Programs,https://www.sba.gov/federal-contracting/contracting-assistance-programs/veteran-contracting-assistance-programs,Find Your State DVA,https://www.usa.gov/state-veteran-benefits,,,veteran business certification SDVOSB contracting state
state,Veterans' Driver's License Designation,state,"All 50 states allow veterans to display a veteran designation on their driver's license or ID card — often providing discounts at businesses.",,,,,How to Get the Designation,https://www.usa.gov/state-veteran-benefits,,,,,driver's license ID card designation veteran discount
state,State Veterans Cemeteries,state,"State veterans cemeteries provide burial at no cost for eligible veterans and, in many states, their spouses and dependent children.",,,,,National Association of State Directors,https://www.nasdvc.org/,Find a State Veterans Cemetery,https://www.cem.va.gov/cem/grants/index.asp,,,burial cemetery state veteran spouse dependent
financial,Navy Federal Credit Union,nonprofit,"World's largest credit union serving the military community — competitive rates on loans, mortgages, auto loans, and no-fee checking accounts.",,,,,Join Navy Federal,https://www.navyfederal.org/,Membership Eligibility,https://www.navyfederal.org/membership/become-a-member.html,,,banking credit union loans mortgage military
financial,PenFed Credit Union,nonprofit,"Pentagon Federal Credit Union — competitive mortgage rates, auto loans, personal loans, and credit cards with no membership fees for veterans.",,,,,Join PenFed,https://www.penfed.org/,Personal Loan Rates,https://www.penfed.org/personal-loans,,,banking credit union loans mortgage financial veteran
financial,USAA — Banking & Insurance,nonprofit,"Serving military members and their families since 1922 — banking, insurance, investments, and financial planning tailored to military life.",,,,,Become a USAA Member,https://www.usaa.com/inet/wc/membership-eligibility,Insurance & Banking,https://www.usaa.com/,,,banking insurance investment military family financial planning
financial,Operation First Response,nonprofit,"Provides financial assistance directly to wounded, ill, and injured service members and veterans — emergency payments for critical needs.",,,,,Apply for Assistance,https://www.operationfirstresponse.org/apply-for-assistance/,About OFR,https://www.operationfirstresponse.org/,,,financial emergency assistance wounded injured veteran family
financial,American Legion Emergency Fund,nonprofit,"Provides emergency financial assistance to American Legion members and their immediate families for temporary financial hardship.",,,,,Emergency Fund Info,https://www.legion.org/emergency-fund,Find Your Local Post,https://www.legion.org/,,,emergency financial assistance American Legion member hardship
financial,Armed Services YMCA,nonprofit,"Financial assistance, food support, childcare, and wellness programs for junior enlisted service members and military families in need.",,,,,Find an ASYMCA Near You,https://www.asymca.org/find-your-asymca,Programs Offered,https://www.asymca.org/programs,,,YMCA financial food childcare wellness military family
financial,Military OneSource Financial Counseling,federal,"Free non-medical financial counseling for active duty, Guard, Reserve, and veterans within 365 days of separation and their families.",,,,,Free Financial Counseling,https://www.militaryonesource.mil/financial-legal/personal-finance/financial-counseling/,Financial Calculators & Tools,https://www.militaryonesource.mil/financial-legal/,,,financial counseling budgeting debt retirement planning
financial,National Veterans Foundation — Emergency Aid,nonprofit,"Emergency financial assistance and crisis intervention for veterans in need — connects to local resources for utilities, rent, and food.",Call,1-888-777-4443,,,"Apply for Emergency Aid",https://nvf.org/veteran-support/,"About NVF",https://nvf.org/,,emergency financial rent utilities food veteran crisis
financial,Veterans United Home Loans,nonprofit,"Specializes in VA home loans — offers guidance on VA loan eligibility, pre-approval, and the homebuying process at no cost to explore.",,,,,VA Loan Guide,https://www.veteransunited.com/valoans/,Get a VA Loan Quote,https://www.veteransunited.com/,,,VA loan mortgage home purchase refinance
financial,Unmet Needs — VFW Program,nonprofit,"VFW's Unmet Needs program provides interest-free loans of up to $1,500 to military families facing unexpected financial hardship.",,,,,Apply for Unmet Needs,https://www.vfw.org/assistance/financial-assistance,Learn More,https://www.vfw.org/,,,interest-free loan financial hardship military family VFW emergency
community,Iraq & Afghanistan Veterans of America,nonprofit,"IAVA is the leading advocacy organization for the post-9/11 generation of veterans — policy advocacy, peer support, and community.",,,,,Join IAVA,https://iava.org/membership/,VA Claims Help,https://iava.org/programs/,,,advocacy Iraq Afghanistan post-9/11 policy community
community,Disabled American Veterans (DAV),nonprofit,"DAV provides free, professional assistance to veterans and their families in obtaining VA benefits and government services since 1920.",,,,,Get Free Claims Assistance,https://www.dav.org/veterans/va-claim-assistance/,Find a DAV Chapter,https://www.dav.org/find-chapter/,,,DAV claims benefits disabled veteran advocacy nonprofit
community,Paralyzed Veterans of America (PVA),nonprofit,"Serves veterans with spinal cord injuries — benefits counseling, legal assistance, accessibility advocacy, sports programs, and peer support.",,,,,Benefits Counseling,https://www.pva.org/find-support/benefits-counseling,Find a PVA Chapter,https://www.pva.org/find-support/chapters,,,spinal cord injury paralyzed veteran disability advocacy
community,Team Rubicon,nonprofit,"Deploys veteran volunteers to disaster zones and underserved communities — provides purpose, community, and identity beyond military service.",,,,,Join Team Rubicon,https://teamrubiconusa.org/apply/,Upcoming Operations,https://teamrubiconusa.org/operations/,,,disaster relief volunteer community purpose veteran
community,Minority Veterans of America,nonprofit,"Advocates for and supports underrepresented veterans — including veterans of color, LGBTQ+ veterans, and women veterans — through policy and community.",,,,,Become a Member,https://minorityvets.org/join/,Policy & Advocacy Work,https://minorityvets.org/policy-advocacy/,,,minority LGBTQ women of color diversity veteran advocacy
community,Women Veterans Interactive,nonprofit,"Online community and events connecting women veterans for peer support, professional networking, and advocacy. Free membership.",,,,,Join the Community,https://www.womenveteransinteractive.com/join/,Upcoming Events,https://www.womenveteransinteractive.com/events/,,,women veterans community networking advocacy peer support
community,AMVETS — American Veterans,nonprofit,"AMVETS (American Veterans) provides assistance to veterans in obtaining benefits, and advocates for veterans' rights at state and federal levels.",,,,,Find an AMVETS Post,https://amvets.org/find-a-post/,AMVETS Programs,https://amvets.org/programs/,,,AMVETS advocacy benefits community veteran
community,Student Veterans of America (SVA),nonprofit,"Represents student veterans on 1,500+ campuses — chapter network, policy advocacy, scholarship programs, and career support.",,,,,Find Your Campus Chapter,https://studentveterans.org/chapters/,Join or Start a Chapter,https://studentveterans.org/,,,student veteran college campus community advocacy SVA
community,Bob Woodruff Foundation,nonprofit,"Funds and shapes programs that meet the long-term and emerging needs of injured service members, veterans, and their families.",,,,,Find Funded Programs,https://bobwoodrufffoundation.org/find-help/,About the Foundation,https://bobwoodrufffoundation.org/,,,foundation nonprofit grants programs injured veteran family
community,Farmer Veteran Coalition,nonprofit,"Helps veterans pursue careers in agriculture — connects veterans with farmland, training, equipment, and a community of fellow farmer veterans.",,,,,Join the Coalition,https://farmvetco.org/join/,Fellow Program (Grants),https://farmvetco.org/programs/fellow-program/,,,farming agriculture veteran career rural community
